procs,repeat,total_time
1,1,283.645046
1,2,282.817039
1,3,283.449146
2,1,181.003863
2,2,181.102773
2,3,180.903074
4,1,140.682770
